"Country","Decade","Year","Population"
"aruba","2010","2013","102921"
"andorra","2010","2013","75902"
"afghanistan","2010","2013","30682500"
"angola","2010","2013","23448202"
"albania","2010","2013","2897366"
"united arab emirates","2010","2013","9039978"
"argentina","2010","2013","42538304"
"armenia","2010","2013","2992192"
"american samoa","2010","2013","55302"
"antigua and barbuda","2010","2013","89985"
"australia","2010","2013","23125868"
"austria","2010","2013","8479375"
"azerbaijan","2010","2013","9416801"
"burundi","2010","2013","10465959"
"belgium","2010","2013","11182817"
"benin","2010","2013","10322232"
"burkina faso","2010","2013","17084554"
"bangladesh","2010","2013","157157394"
"bulgaria","2010","2013","7265115"
"bahrain","2010","2013","1349427"
"bahamas, the","2010","2013","377841"
"bosnia and herzegovina","2010","2013","3823533"
"belarus","2010","2013","9466000"
"belize","2010","2013","344193"
"bermuda","2010","2013","65001"
"bolivia","2010","2013","10399931"
"brazil","2010","2013","204259377"
"barbados","2010","2013","282503"
"brunei darussalam","2010","2013","411499"
"bhutan","2010","2013","754637"
"botswana","2010","2013","2176510"
"central african republic","2010","2013","4710678"
"canada","2010","2013","35158304"
"switzerland","2010","2013","8089346"
"channel islands","2010","2013","162138"
"chile","2010","2013","17575833"
"china","2010","2013","1357380000"
"cote d'ivoire","2010","2013","21622490"
"cameroon","2010","2013","22211166"
"congo, rep.","2010","2013","4394334"
"colombia","2010","2013","47342363"
"comoros","2010","2013","751697"
"cabo verde","2010","2013","507258"
"costa rica","2010","2013","4706433"
"cuba","2010","2013","11362505"
"curacao","2010","2013","153821"
"cayman islands","2010","2013","58369"
"cyprus","2010","2013","1141652"
"czech republic","2010","2013","10514272"
"germany","2010","2013","80645605"
"djibouti","2010","2013","864554"
"dominica","2010","2013","72005"
"denmark","2010","2013","5614932"
"dominican republic","2010","2013","10281408"
"algeria","2010","2013","38186135"
"ecuador","2010","2013","15661312"
"egypt, arab rep.","2010","2013","87613909"
"eritrea","2010","2013","4998824"
"spain","2010","2013","46620045"
"estonia","2010","2013","1317997"
"ethiopia","2010","2013","94558374"
"finland","2010","2013","5438972"
"fiji","2010","2013","880487"
"france","2010","2013","65925498"
"faeroe islands","2010","2013","48292"
"micronesia, fed. sts.","2010","2013","103718"
"gabon","2010","2013","1650351"
"united kingdom","2010","2013","64106779"
"georgia","2010","2013","4487200"
"ghana","2010","2013","26164432"
"guinea","2010","2013","11948726"
"gambia, the","2010","2013","1866878"
"guinea-bissau","2010","2013","1757138"
"equatorial guinea","2010","2013","797082"
"greece","2010","2013","11027549"
"grenada","2010","2013","105902"
"greenland","2010","2013","56483"
"guatemala","2010","2013","15690793"
"guam","2010","2013","165121"
"guyana","2010","2013","761033"
"hong kong sar, china","2010","2013","7187500"
"honduras","2010","2013","7849059"
"croatia","2010","2013","4255700"
"haiti","2010","2013","10431249"
"hungary","2010","2013","9893082"
"indonesia","2010","2013","251268276"
"isle of man","2010","2013","86462"
"india","2010","2013","1279498874"
"ireland","2010","2013","4598294"
"iran, islamic rep.","2010","2013","77152445"
"iraq","2010","2013","33781385"
"iceland","2010","2013","323764"
"israel","2010","2013","8059500"
"italy","2010","2013","60233948"
"jamaica","2010","2013","2714734"
"jordan","2010","2013","6460000"
"japan","2010","2013","127338621"
"kazakhstan","2010","2013","17035275"
"kenya","2010","2013","43692881"
"kyrgyz republic","2010","2013","5719600"
"cambodia","2010","2013","15078564"
"kiribati","2010","2013","108544"
"st. kitts and nevis","2010","2013","54301"
"korea, rep.","2010","2013","50219669"
"kosovo","2010","2013","1818117"
"kuwait","2010","2013","3593689"
"lao pdr","2010","2013","6579985"
"lebanon","2010","2013","4493438"
"liberia","2010","2013","4293692"
"libya","2010","2013","6265987"
"st. lucia","2010","2013","182305"
"liechtenstein","2010","2013","37040"
"sri lanka","2010","2013","20483000"
"lesotho","2010","2013","2083061"
"lithuania","2010","2013","2957689"
"luxembourg","2010","2013","543360"
"latvia","2010","2013","2012647"
"macao sar, china","2010","2013","568056"
"st. martin (french part)","2010","2013","31264"
"morocco","2010","2013","33452686"
"monaco","2010","2013","37528"
"moldova","2010","2013","3558566"
"madagascar","2010","2013","22924557"
"maldives","2010","2013","351111"
"mexico","2010","2013","123740109"
"marshall islands","2010","2013","52786"
"macedonia, fyr","2010","2013","2072543"
"mali","2010","2013","16592097"
"malta","2010","2013","423374"
"myanmar","2010","2013","52983829"
"montenegro","2010","2013","621207"
"mongolia","2010","2013","2859174"
"northern mariana islands","2010","2013","53869"
"mozambique","2010","2013","26467180"
"mauritania","2010","2013","3872684"
"mauritius","2010","2013","1258653"
"malawi","2010","2013","16190126"
"malaysia","2010","2013","29465372"
"namibia","2010","2013","2346592"
"new caledonia","2010","2013","262000"
"niger","2010","2013","18358863"
"nigeria","2010","2013","172816517"
"nicaragua","2010","2013","5945646"
"netherlands","2010","2013","16804432"
"norway","2010","2013","5079623"
"nepal","2010","2013","27834981"
"new zealand","2010","2013","4442100"
"oman","2010","2013","3906912"
"pakistan","2010","2013","181192646"
"panama","2010","2013","3805683"
"peru","2010","2013","30565461"
"philippines","2010","2013","97571676"
"palau","2010","2013","20919"
"papua new guinea","2010","2013","7308864"
"poland","2010","2013","38040196"
"puerto rico","2010","2013","3595839"
"korea, dem. rep.","2010","2013","24895705"
"portugal","2010","2013","10457295"
"paraguay","2010","2013","6465669"
"french polynesia","2010","2013","276766"
"qatar","2010","2013","2101288"
"romania","2010","2013","19983693"
"russian federation","2010","2013","143506911"
"rwanda","2010","2013","11078095"
"saudi arabia","2010","2013","30201051"
"sudan","2010","2013","38515095"
"senegal","2010","2013","14221041"
"singapore","2010","2013","5399200"
"solomon islands","2010","2013","560685"
"sierra leone","2010","2013","6178859"
"el salvador","2010","2013","6089644"
"san marino","2010","2013","31391"
"somalia","2010","2013","10268157"
"serbia","2010","2013","7164132"
"south sudan","2010","2013","11453810"
"sao tome and principe","2010","2013","182386"
"suriname","2010","2013","533450"
"slovak republic","2010","2013","5413393"
"slovenia","2010","2013","2059953"
"sweden","2010","2013","9600379"
"swaziland","2010","2013","1250641"
"sint maarten (dutch part)","2010","2013","36607"
"seychelles","2010","2013","89900"
"syrian arab republic","2010","2013","21789415"
"turks and caicos islands","2010","2013","33103"
"chad","2010","2013","13145788"
"togo","2010","2013","6928719"
"thailand","2010","2013","67451422"
"tajikistan","2010","2013","8111894"
"turkmenistan","2010","2013","5240088"
"timor-leste","2010","2013","1180069"
"tonga","2010","2013","105139"
"trinidad and tobago","2010","2013","1348240"
"tunisia","2010","2013","10886500"
"turkey","2010","2013","75010202"
"tuvalu","2010","2013","9876"
"taiwan, china","2010","2013",NA
"tanzania","2010","2013","50213457"
"uganda","2010","2013","36573387"
"ukraine","2010","2013","45489600"
"uruguay","2010","2013","3407969"
"united states","2010","2013","316497531"
"uzbekistan","2010","2013","30243200"
"st. vincent and the grenadines","2010","2013","109327"
"venezuela, rb","2010","2013","30276045"
"virgin islands (u.s.)","2010","2013","104737"
"vietnam","2010","2013","89708900"
"vanuatu","2010","2013","253165"
"west bank and gaza","2010","2013","4169506"
"samoa","2010","2013","190390"
"yemen, rep.","2010","2013","25533217"
"south africa","2010","2013","53157490"
"congo, dem. rep.","2010","2013","72552861"
"zambia","2010","2013","15246086"
"zimbabwe","2010","2013","14898092"
"aruba","2010","2012","102393"
"andorra","2010","2012","79316"
"afghanistan","2010","2012","29726803"
"angola","2010","2012","22685632"
"albania","2010","2012","2900489"
"united arab emirates","2010","2012","8952542"
"argentina","2010","2012","42095224"
"armenia","2010","2012","2978339"
"american samoa","2010","2012","55227"
"antigua and barbuda","2010","2012","89069"
"australia","2010","2012","22728254"
"austria","2010","2012","8429991"
"azerbaijan","2010","2012","9295784"
"burundi","2010","2012","10124572"
"belgium","2010","2012","11128246"
"benin","2010","2012","10049792"
"burkina faso","2010","2012","16590813"
"bangladesh","2010","2012","155257387"
"bulgaria","2010","2012","7305888"
"bahrain","2010","2012","1333577"
"bahamas, the","2010","2012","372388"
"bosnia and herzegovina","2010","2012","3828419"
"belarus","2010","2012","9464000"
"belize","2010","2012","336707"
"bermuda","2010","2012","64798"
"bolivia","2010","2012","10238762"
"brazil","2010","2012","202401584"
"barbados","2010","2012","281580"
"brunei darussalam","2010","2012","405512"
"bhutan","2010","2012","743711"
"botswana","2010","2012","2132822"
"central african republic","2010","2012","4619500"
"canada","2010","2012","34754312"
"switzerland","2010","2012","7996861"
"channel islands","2010","2012","161336"
"chile","2010","2012","17388437"
"china","2010","2012","1350695000"
"cote d'ivoire","2010","2012","21102641"
"cameroon","2010","2012","21659488"
"congo, rep.","2010","2012","4286188"
"colombia","2010","2012","46881018"
"comoros","2010","2012","733661"
"cabo verde","2010","2012","500870"
"costa rica","2010","2012","4654148"
"cuba","2010","2012","11342631"
"curacao","2010","2012","152088"
"cayman islands","2010","2012","57522"
"cyprus","2010","2012","1129303"
"czech republic","2010","2012","10510785"
"germany","2010","2012","80425823"
"djibouti","2010","2012","853069"
"dominica","2010","2012","71685"
"denmark","2010","2012","5591572"
"dominican republic","2010","2012","10155036"
"algeria","2010","2012","37439427"
"ecuador","2010","2012","15419493"
"egypt, arab rep.","2010","2012","85660902"
"eritrea","2010","2012","4892233"
"spain","2010","2012","46773055"
"estonia","2010","2012","1322696"
"ethiopia","2010","2012","92191211"
"finland","2010","2012","5413971"
"fiji","2010","2012","874158"
"france","2010","2012","65639975"
"faeroe islands","2010","2012","48393"
"micronesia, fed. sts.","2010","2012","103516"
"gabon","2010","2012","1613489"
"united kingdom","2010","2012","63700300"
"georgia","2010","2012","4490700"
"ghana","2010","2012","25544565"
"guinea","2010","2012","11628767"
"gambia, the","2010","2012","1807108"
"guinea-bissau","2010","2012","1714620"
"equatorial guinea","2010","2012","773729"
"greece","2010","2012","11092771"
"grenada","2010","2012","105476"
"greenland","2010","2012","56810"
"guatemala","2010","2012","15368759"
"guam","2010","2012","162807"
"guyana","2010","2012","758410"
"hong kong sar, china","2010","2012","7154600"
"honduras","2010","2012","7736131"
"croatia","2010","2012","4267558"
"haiti","2010","2012","10288828"
"hungary","2010","2012","9920362"
"indonesia","2010","2012","248037853"
"isle of man","2010","2012","85779"
"india","2010","2012","1263589639"
"ireland","2010","2012","4586897"
"iran, islamic rep.","2010","2012","76156975"
"iraq","2010","2012","32780975"
"iceland","2010","2012","320716"
"israel","2010","2012","7910500"
"italy","2010","2012","59539717"
"jamaica","2010","2012","2707805"
"jordan","2010","2012","6318000"
"japan","2010","2012","127561489"
"kazakhstan","2010","2012","16791425"
"kenya","2010","2012","42542978"
"kyrgyz republic","2010","2012","5607200"
"cambodia","2010","2012","14832255"
"kiribati","2010","2012","106620"
"st. kitts and nevis","2010","2012","53650"
"korea, rep.","2010","2012","50004441"
"kosovo","2010","2012","1805200"
"kuwait","2010","2012","3419581"
"lao pdr","2010","2012","6473050"
"lebanon","2010","2012","4440728"
"liberia","2010","2012","4190155"
"libya","2010","2012","6283403"
"st. lucia","2010","2012","180890"
"liechtenstein","2010","2012","36791"
"sri lanka","2010","2012","20328000"
"lesotho","2010","2012","2057331"
"lithuania","2010","2012","2987773"
"luxembourg","2010","2012","530946"
"latvia","2010","2012","2034319"
"macao sar, china","2010","2012","557763"
"st. martin (french part)","2010","2012","30959"
"morocco","2010","2012","32984190"
"monaco","2010","2012","37404"
"moldova","2010","2012","3559519"
"madagascar","2010","2012","22293720"
"maldives","2010","2012","344817"
"mexico","2010","2012","122070963"
"marshall islands","2010","2012","52663"
"macedonia, fyr","2010","2012","2069270"
"mali","2010","2012","16112333"
"malta","2010","2012","419455"
"myanmar","2010","2012","52543841"
"montenegro","2010","2012","620601"
"mongolia","2010","2012","2808339"
"northern mariana islands","2010","2012","53314"
"mozambique","2010","2012","25732928"
"mauritania","2010","2012","3777067"
"mauritius","2010","2012","1255882"
"malawi","2010","2012","15700436"
"malaysia","2010","2012","29021940"
"namibia","2010","2012","2291645"
"new caledonia","2010","2012","258000"
"niger","2010","2012","17635782"
"nigeria","2010","2012","168240403"
"nicaragua","2010","2012","5877034"
"netherlands","2010","2012","16754962"
"norway","2010","2012","5018573"
"nepal","2010","2012","27500515"
"new zealand","2010","2012","4408100"
"oman","2010","2012","3545192"
"pakistan","2010","2012","177392252"
"panama","2010","2012","3743761"
"peru","2010","2012","30158768"
"philippines","2010","2012","96017322"
"palau","2010","2012","20756"
"papua new guinea","2010","2012","7154870"
"poland","2010","2012","38063164"
"puerto rico","2010","2012","3642281"
"korea, dem. rep.","2010","2012","24763353"
"portugal","2010","2012","10514844"
"paraguay","2010","2012","6379162"
"french polynesia","2010","2012","273775"
"qatar","2010","2012","2015624"
"romania","2010","2012","20058035"
"russian federation","2010","2012","143201676"
"rwanda","2010","2012","10817350"
"saudi arabia","2010","2012","29496047"
"sudan","2010","2012","37712420"
"senegal","2010","2012","13780108"
"singapore","2010","2012","5312400"
"solomon islands","2010","2012","549162"
"sierra leone","2010","2012","6043157"
"el salvador","2010","2012","6072233"
"san marino","2010","2012","31172"
"somalia","2010","2012","10033630"
"serbia","2010","2012","7199077"
"south sudan","2010","2012","10980623"
"sao tome and principe","2010","2012","178484"
"suriname","2010","2012","528535"
"slovak republic","2010","2012","5407579"
"slovenia","2010","2012","2057159"
"sweden","2010","2012","9519374"
"swaziland","2010","2012","1231694"
"sint maarten (dutch part)","2010","2012","34640"
"seychelles","2010","2012","88303"
"syrian arab republic","2010","2012","21427155"
"turks and caicos islands","2010","2012","32430"
"chad","2010","2012","12715465"
"togo","2010","2012","6745581"
"thailand","2010","2012","67164130"
"tajikistan","2010","2012","7930929"
"turkmenistan","2010","2012","5172941"
"timor-leste","2010","2012","1148958"
"tonga","2010","2012","104769"
"trinidad and tobago","2010","2012","1341579"
"tunisia","2010","2012","10777500"
"turkey","2010","2012","74099255"
"tuvalu","2010","2012","9860"
"taiwan, china","2010","2012",NA
"tanzania","2010","2012","48645709"
"uganda","2010","2012","35400620"
"ukraine","2010","2012","45593300"
"uruguay","2010","2012","3396753"
"united states","2010","2012","314112078"
"uzbekistan","2010","2012","29774500"
"st. vincent and the grenadines","2010","2012","109334"
"venezuela, rb","2010","2012","29854238"
"virgin islands (u.s.)","2010","2012","105275"
"vietnam","2010","2012","88772900"
"vanuatu","2010","2012","247498"
"west bank and gaza","2010","2012","4046901"
"samoa","2010","2012","188901"
"yemen, rep.","2010","2012","24882792"
"south africa","2010","2012","52341695"
"congo, dem. rep.","2010","2012","70291160"
"zambia","2010","2012","14786581"
"zimbabwe","2010","2012","14565482"
"aruba","2010","2011","101936"
"andorra","2010","2011","82326"
"afghanistan","2010","2011","28809167"
"angola","2010","2011","21942296"
"albania","2010","2011","2904780"
"united arab emirates","2010","2011","8734722"
"argentina","2010","2011","41655616"
"armenia","2010","2011","2967984"
"american samoa","2010","2011","55316"
"antigua and barbuda","2010","2011","88152"
"australia","2010","2011","22340024"
"austria","2010","2011","8391643"
"azerbaijan","2010","2011","9173082"
"burundi","2010","2011","9790151"
"belgium","2010","2011","11047744"
"benin","2010","2011","9779391"
"burkina faso","2010","2011","16106851"
"bangladesh","2010","2011","153405612"
"bulgaria","2010","2011","7348328"
"bahrain","2010","2011","1306014"
"bahamas, the","2010","2011","366711"
"bosnia and herzegovina","2010","2011","3832310"
"belarus","2010","2011","9473000"
"belize","2010","2011","329193"
"bermuda","2010","2011","64564"
"bolivia","2010","2011","10078238"
"brazil","2010","2011","200517584"
"barbados","2010","2011","280602"
"brunei darussalam","2010","2011","399443"
"bhutan","2010","2011","732246"
"botswana","2010","2011","2089706"
"central african republic","2010","2011","4530903"
"canada","2010","2011","34342780"
"switzerland","2010","2011","7912398"
"channel islands","2010","2011","160489"
"chile","2010","2011","17201305"
"china","2010","2011","1344130000"
"cote d'ivoire","2010","2011","20604172"
"cameroon","2010","2011","21119065"
"congo, rep.","2010","2011","4177435"
"colombia","2010","2011","46406446"
"comoros","2010","2011","715972"
"cabo verde","2010","2011","495159"
"costa rica","2010","2011","4600487"
"cuba","2010","2011","11323570"
"curacao","2010","2011","150831"
"cayman islands","2010","2011","56580"
"cyprus","2010","2011","1116644"
"czech republic","2010","2011","10496088"
"germany","2010","2011","81797673"
"djibouti","2010","2011","841802"
"dominica","2010","2011","71402"
"denmark","2010","2011","5570572"
"dominican republic","2010","2011","10027140"
"algeria","2010","2011","36717132"
"ecuador","2010","2011","15177280"
"egypt, arab rep.","2010","2011","83787634"
"eritrea","2010","2011","4789568"
"spain","2010","2011","46742697"
"estonia","2010","2011","1327439"
"ethiopia","2010","2011","89858696"
"finland","2010","2011","5388272"
"fiji","2010","2011","867327"
"france","2010","2011","65342776"
"faeroe islands","2010","2011","48492"
"micronesia, fed. sts.","2010","2011","103476"
"gabon","2010","2011","1577298"
"united kingdom","2010","2011","63258918"
"georgia","2010","2011","4483350"
"ghana","2010","2011","24928503"
"guinea","2010","2011","11316351"
"gambia, the","2010","2011","1749099"
"guinea-bissau","2010","2011","1673509"
"equatorial guinea","2010","2011","750918"
"greece","2010","2011","11123213"
"grenada","2010","2011","105070"
"greenland","2010","2011","56890"
"guatemala","2010","2011","15049280"
"guam","2010","2011","160858"
"guyana","2010","2011","755883"
"hong kong sar, china","2010","2011","7071600"
"honduras","2010","2011","7621414"
"croatia","2010","2011","4280622"
"haiti","2010","2011","10144890"
"hungary","2010","2011","9971727"
"indonesia","2010","2011","244808254"
"isle of man","2010","2011","85069"
"india","2010","2011","1247446011"
"ireland","2010","2011","4576794"
"iran, islamic rep.","2010","2011","75184322"
"iraq","2010","2011","31810191"
"iceland","2010","2011","319014"
"israel","2010","2011","7765800"
"italy","2010","2011","59379449"
"jamaica","2010","2011","2699838"
"jordan","2010","2011","6181000"
"japan","2010","2011","127817277"
"kazakhstan","2010","2011","16556600"
"kenya","2010","2011","41419954"
"kyrgyz republic","2010","2011","5514600"
"cambodia","2010","2011","14593099"
"kiribati","2010","2011","104662"
"st. kitts and nevis","2010","2011","52998"
"korea, rep.","2010","2011","49779440"
"kosovo","2010","2011","1790957"
"kuwait","2010","2011","3239181"
"lao pdr","2010","2011","6366909"
"lebanon","2010","2011","4388637"
"liberia","2010","2011","4079574"
"libya","2010","2011","6288652"
"st. lucia","2010","2011","179278"
"liechtenstein","2010","2011","36537"
"sri lanka","2010","2011","20869000"
"lesotho","2010","2011","2032950"
"lithuania","2010","2011","3028115"
"luxembourg","2010","2011","518347"
"latvia","2010","2011","2059709"
"macao sar, china","2010","2011","546682"
"st. martin (french part)","2010","2011","30615"
"morocco","2010","2011","32531964"
"monaco","2010","2011","37189"
"moldova","2010","2011","3559986"
"madagascar","2010","2011","21678867"
"maldives","2010","2011","338618"
"mexico","2010","2011","120365271"
"marshall islands","2010","2011","52541"
"macedonia, fyr","2010","2011","2065888"
"mali","2010","2011","15639115"
"malta","2010","2011","416268"
"myanmar","2010","2011","52125411"
"montenegro","2010","2011","620079"
"mongolia","2010","2011","2759074"
"northern mariana islands","2010","2011","53234"
"mozambique","2010","2011","25016921"
"mauritania","2010","2011","3683221"
"mauritius","2010","2011","1252404"
"malawi","2010","2011","15226813"
"malaysia","2010","2011","28572970"
"namibia","2010","2011","2240161"
"new caledonia","2010","2011","254000"
"niger","2010","2011","16946485"
"nigeria","2010","2011","163770669"
"nicaragua","2010","2011","5807787"
"netherlands","2010","2011","16693074"
"norway","2010","2011","4953088"
"nepal","2010","2011","27179237"
"new zealand","2010","2011","4384000"
"oman","2010","2011","3210003"
"pakistan","2010","2011","173669648"
"panama","2010","2011","3681979"
"peru","2010","2011","29759891"
"philippines","2010","2011","94501233"
"palau","2010","2011","20606"
"papua new guinea","2010","2011","7001172"
"poland","2010","2011","38063255"
"puerto rico","2010","2011","3686771"
"korea, dem. rep.","2010","2011","24631359"
"portugal","2010","2011","10557560"
"paraguay","2010","2011","6293763"
"french polynesia","2010","2011","270862"
"qatar","2010","2011","1905437"
"romania","2010","2011","20147528"
"russian federation","2010","2011","142960868"
"rwanda","2010","2011","10556429"
"saudi arabia","2010","2011","28788438"
"sudan","2010","2011","36918193"
"senegal","2010","2011","13357003"
"singapore","2010","2011","5183700"
"solomon islands","2010","2011","537648"
"sierra leone","2010","2011","5908908"
"el salvador","2010","2011","6055208"
"san marino","2010","2011","30938"
"somalia","2010","2011","9806670"
"serbia","2010","2011","7234099"
"south sudan","2010","2011","10510122"
"sao tome and principe","2010","2011","174646"
"suriname","2010","2011","523439"
"slovak republic","2010","2011","5398384"
"slovenia","2010","2011","2052843"
"sweden","2010","2011","9449213"
"swaziland","2010","2011","1212458"
"sint maarten (dutch part)","2010","2011","33435"
"seychelles","2010","2011","87441"
"syrian arab republic","2010","2011","21070917"
"turks and caicos islands","2010","2011","31727"
"chad","2010","2011","12298512"
"togo","2010","2011","6566179"
"thailand","2010","2011","66902958"
"tajikistan","2010","2011","7753925"
"turkmenistan","2010","2011","5106672"
"timor-leste","2010","2011","1120392"
"tonga","2010","2011","104392"
"trinidad and tobago","2010","2011","1334790"
"tunisia","2010","2011","10673800"
"turkey","2010","2011","73199372"
"tuvalu","2010","2011","9844"
"taiwan, china","2010","2011",NA
"tanzania","2010","2011","47122998"
"uganda","2010","2011","34260342"
"ukraine","2010","2011","45706100"
"uruguay","2010","2011","3385610"
"united states","2010","2011","311721632"
"uzbekistan","2010","2011","29339400"
"st. vincent and the grenadines","2010","2011","109341"
"venezuela, rb","2010","2011","29427631"
"virgin islands (u.s.)","2010","2011","105784"
"vietnam","2010","2011","87840000"
"vanuatu","2010","2011","241876"
"west bank and gaza","2010","2011","3927051"
"samoa","2010","2011","187434"
"yemen, rep.","2010","2011","24234940"
"south africa","2010","2011","51553479"
"congo, dem. rep.","2010","2011","68087376"
"zambia","2010","2011","14343526"
"zimbabwe","2010","2011","14255592"
"aruba","2010","2010","101597"
"andorra","2010","2010","84419"
"afghanistan","2010","2010","27962207"
"angola","2010","2010","21219954"
"albania","2010","2010","2913021"
"united arab emirates","2010","2010","8329453"
"argentina","2010","2010","41222875"
"armenia","2010","2010","2963496"
"american samoa","2010","2010","55636"
"antigua and barbuda","2010","2010","87233"
"australia","2010","2010","22031750"
"austria","2010","2010","8363404"
"azerbaijan","2010","2010","9054332"
"burundi","2010","2010","9461117"
"belgium","2010","2010","10920272"
"benin","2010","2010","9509798"
"burkina faso","2010","2010","15632066"
"bangladesh","2010","2010","151616777"
"bulgaria","2010","2010","7395599"
"bahrain","2010","2010","1261319"
"bahamas, the","2010","2010","360830"
"bosnia and herzegovina","2010","2010","3835258"
"belarus","2010","2010","9490000"
"belize","2010","2010","321609"
"bermuda","2010","2010","65124"
"bolivia","2010","2010","9918245"
"brazil","2010","2010","198614208"
"barbados","2010","2010","279566"
"brunei darussalam","2010","2010","393302"
"bhutan","2010","2010","720246"
"botswana","2010","2010","2047831"
"central african republic","2010","2010","4444973"
"canada","2010","2010","34005274"
"switzerland","2010","2010","7824909"
"channel islands","2010","2010","159583"
"chile","2010","2010","17015048"
"china","2010","2010","1337705000"
"cote d'ivoire","2010","2010","20131707"
"cameroon","2010","2010","20590666"
"congo, rep.","2010","2010","4066078"
"colombia","2010","2010","45918101"
"comoros","2010","2010","698695"
"cabo verde","2010","2010","490379"
"costa rica","2010","2010","4545273"
"cuba","2010","2010","11308133"
"curacao","2010","2010","148703"
"cayman islands","2010","2010","55509"
"cyprus","2010","2010","1103685"
"czech republic","2010","2010","10474410"
"germany","2010","2010","81776930"
"djibouti","2010","2010","830802"
"dominica","2010","2010","71167"
"denmark","2010","2010","5547683"
"dominican republic","2010","2010","9897983"
"algeria","2010","2010","36036159"
"ecuador","2010","2010","14934692"
"egypt, arab rep.","2010","2010","82040994"
"eritrea","2010","2010","4689664"
"spain","2010","2010","46576897"
"estonia","2010","2010","1331475"
"ethiopia","2010","2010","87561814"
"finland","2010","2010","5363352"
"fiji","2010","2010","859952"
"france","2010","2010","65027512"
"faeroe islands","2010","2010","48567"
"micronesia, fed. sts.","2010","2010","103619"
"gabon","2010","2010","1541936"
"united kingdom","2010","2010","62766365"
"georgia","2010","2010","4452800"
"ghana","2010","2010","24317734"
"guinea","2010","2010","11012406"
"gambia, the","2010","2010","1693002"
"guinea-bissau","2010","2010","1634196"
"equatorial guinea","2010","2010","728710"
"greece","2010","2010","11153454"
"grenada","2010","2010","104677"
"greenland","2010","2010","56905"
"guatemala","2010","2010","14732261"
"guam","2010","2010","159440"
"guyana","2010","2010","753362"
"hong kong sar, china","2010","2010","7024200"
"honduras","2010","2010","7503875"
"croatia","2010","2010","4417781"
"haiti","2010","2010","9999617"
"hungary","2010","2010","10000023"
"indonesia","2010","2010","241613126"
"isle of man","2010","2010","84327"
"india","2010","2010","1230984504"
"ireland","2010","2010","4560155"
"iran, islamic rep.","2010","2010","74253373"
"iraq","2010","2010","30868156"
"iceland","2010","2010","318041"
"israel","2010","2010","7623600"
"italy","2010","2010","59277417"
"jamaica","2010","2010","2690824"
"jordan","2010","2010","6046000"
"japan","2010","2010","128070000"
"kazakhstan","2010","2010","16321581"
"kenya","2010","2010","40328313"
"kyrgyz republic","2010","2010","5447900"
"cambodia","2010","2010","14363586"
"kiribati","2010","2010","102648"
"st. kitts and nevis","2010","2010","52352"
"korea, rep.","2010","2010","49410366"
"kosovo","2010","2010","1775680"
"kuwait","2010","2010","3059473"
"lao pdr","2010","2010","6260544"
"lebanon","2010","2010","4337156"
"liberia","2010","2010","3957990"
"libya","2010","2010","6265697"
"st. lucia","2010","2010","177397"
"liechtenstein","2010","2010","36276"
"sri lanka","2010","2010","20653000"
"lesotho","2010","2010","2010586"
"lithuania","2010","2010","3097282"
"luxembourg","2010","2010","506953"
"latvia","2010","2010","2097555"
"macao sar, china","2010","2010","534626"
"st. martin (french part)","2010","2010","30235"
"morocco","2010","2010","32107739"
"monaco","2010","2010","36845"
"moldova","2010","2010","3562045"
"madagascar","2010","2010","21079532"
"maldives","2010","2010","332575"
"mexico","2010","2010","118617542"
"marshall islands","2010","2010","52428"
"macedonia, fyr","2010","2010","2062443"
"mali","2010","2010","15167286"
"malta","2010","2010","414508"
"myanmar","2010","2010","51733013"
"montenegro","2010","2010","619428"
"mongolia","2010","2010","2712657"
"northern mariana islands","2010","2010","53860"
"mozambique","2010","2010","24321457"
"mauritania","2010","2010","3591400"
"mauritius","2010","2010","1250400"
"malawi","2010","2010","14769824"
"malaysia","2010","2010","28119500"
"namibia","2010","2010","2193643"
"new caledonia","2010","2010","250000"
"niger","2010","2010","16291990"
"nigeria","2010","2010","159424742"
"nicaragua","2010","2010","5737722"
"netherlands","2010","2010","16615394"
"norway","2010","2010","4889252"
"nepal","2010","2010","26875910"
"new zealand","2010","2010","4350700"
"oman","2010","2010","2943747"
"pakistan","2010","2010","170043918"
"panama","2010","2010","3620506"
"peru","2010","2010","29373644"
"philippines","2010","2010","93038902"
"palau","2010","2010","20470"
"papua new guinea","2010","2010","6847517"
"poland","2010","2010","38042794"
"puerto rico","2010","2010","3721527"
"korea, dem. rep.","2010","2010","24500506"
"portugal","2010","2010","10573100"
"paraguay","2010","2010","6209877"
"french polynesia","2010","2010","268065"
"qatar","2010","2010","1765513"
"romania","2010","2010","20246871"
"russian federation","2010","2010","142849449"
"rwanda","2010","2010","10293669"
"saudi arabia","2010","2010","28090647"
"sudan","2010","2010","36114885"
"senegal","2010","2010","12956791"
"singapore","2010","2010","5076700"
"solomon islands","2010","2010","526177"
"sierra leone","2010","2010","5775902"
"el salvador","2010","2010","6038306"
"san marino","2010","2010","30690"
"somalia","2010","2010","9581714"
"serbia","2010","2010","7291436"
"south sudan","2010","2010","10056475"
"sao tome and principe","2010","2010","170880"
"suriname","2010","2010","518141"
"slovak republic","2010","2010","5391428"
"slovenia","2010","2010","2048583"
"sweden","2010","2010","9378126"
"swaziland","2010","2010","1193148"
"sint maarten (dutch part)","2010","2010","35474"
"seychelles","2010","2010","89770"
"syrian arab republic","2010","2010","20720602"
"turks and caicos islands","2010","2010","30993"
"chad","2010","2010","11896380"
"togo","2010","2010","6390851"
"thailand","2010","2010","66692024"
"tajikistan","2010","2010","7581696"
"turkmenistan","2010","2010","5041995"
"timor-leste","2010","2010","1066409"
"tonga","2010","2010","103947"
"trinidad and tobago","2010","2010","1328095"
"tunisia","2010","2010","10547100"
"turkey","2010","2010","72310416"
"tuvalu","2010","2010","9827"
"taiwan, china","2010","2010",NA
"tanzania","2010","2010","45648525"
"uganda","2010","2010","33149417"
"ukraine","2010","2010","45870700"
"uruguay","2010","2010","3374414"
"united states","2010","2010","309347057"
"uzbekistan","2010","2010","28562400"
"st. vincent and the grenadines","2010","2010","109316"
"venezuela, rb","2010","2010","28995745"
"virgin islands (u.s.)","2010","2010","106267"
"vietnam","2010","2010","86932500"
"vanuatu","2010","2010","236299"
"west bank and gaza","2010","2010","3811102"
"samoa","2010","2010","186029"
"yemen, rep.","2010","2010","23591972"
"south africa","2010","2010","50791808"
"congo, dem. rep.","2010","2010","65938712"
"zambia","2010","2010","13917439"
"zimbabwe","2010","2010","13973897"
"aruba","2000","2009","101416"
"andorra","2000","2009","85474"
"afghanistan","2000","2009","27207291"
"angola","2000","2009","20520103"
"albania","2000","2009","2927519"
"united arab emirates","2000","2009","7705423"
"argentina","2000","2009","40798641"
"armenia","2000","2009","2966108"
"american samoa","2000","2009","56226"
"antigua and barbuda","2000","2009","86300"
"australia","2000","2009","21691700"
"austria","2000","2009","8343323"
"azerbaijan","2000","2009","8947243"
"burundi","2000","2009","9137786"
"belgium","2000","2009","10796493"
"benin","2000","2009","9240982"
"burkina faso","2000","2009","15165856"
"bangladesh","2000","2009","149905836"
"bulgaria","2000","2009","7444443"
"bahrain","2000","2009","1196774"
"bahamas, the","2000","2009","354780"
"bosnia and herzegovina","2000","2009","3837732"
"belarus","2000","2009","9507000"
"belize","2000","2009","313925"
"bermuda","2000","2009","65636"
"bolivia","2000","2009","9758799"
"brazil","2000","2009","196701298"
"barbados","2000","2009","278466"
"brunei darussalam","2000","2009","387080"
"bhutan","2000","2009","707830"
"botswana","2000","2009","2007212"
"central african republic","2000","2009","4361492"
"canada","2000","2009","33628571"
"switzerland","2000","2009","7743831"
"channel islands","2000","2009","158613"
"chile","2000","2009","16829957"
"china","2000","2009","1331260000"
"cote d'ivoire","2000","2009","19684909"
"cameroon","2000","2009","20074522"
"congo, rep.","2000","2009","3950786"
"colombia","2000","2009","45416276"
"comoros","2000","2009","681845"
"cabo verde","2000","2009","486673"
"costa rica","2000","2009","4488261"
"cuba","2000","2009","11297442"
"curacao","2000","2009","146833"
"cayman islands","2000","2009","54285"
"cyprus","2000","2009","1090486"
"czech republic","2000","2009","10443936"
"germany","2000","2009","81902307"
"djibouti","2000","2009","820097"
"dominica","2000","2009","70995"
"denmark","2000","2009","5523095"
"dominican republic","2000","2009","9767737"
"algeria","2000","2009","35401790"
"ecuador","2000","2009","14691310"
"egypt, arab rep.","2000","2009","80442443"
"eritrea","2000","2009","4593549"
"spain","2000","2009","46362946"
"estonia","2000","2009","1334515"
"ethiopia","2000","2009","85302099"
"finland","2000","2009","5338871"
"fiji","2000","2009","851854"
"france","2000","2009","64707044"
"faeroe islands","2000","2009","48613"
"micronesia, fed. sts.","2000","2009","103961"
"gabon","2000","2009","1507428"
"united kingdom","2000","2009","62276270"
"georgia","2000","2009","4410900"
"ghana","2000","2009","23713164"
"guinea","2000","2009","10715770"
"gambia, the","2000","2009","1638899"
"guinea-bissau","2000","2009","1596832"
"equatorial guinea","2000","2009","707155"
"greece","2000","2009","11187085"
"grenada","2000","2009","104298"
"greenland","2000","2009","56323"
"guatemala","2000","2009","14418033"
"guam","2000","2009","158621"
"guyana","2000","2009","750749"
"hong kong sar, china","2000","2009","6972800"
"honduras","2000","2009","7383098"
"croatia","2000","2009","4429078"
"haiti","2000","2009","9852953"
"hungary","2000","2009","10022650"
"indonesia","2000","2009","238465165"
"isle of man","2000","2009","83548"
"india","2000","2009","1214182182"
"ireland","2000","2009","4535375"
"iran, islamic rep.","2000","2009","73370982"
"iraq","2000","2009","29970634"
"iceland","2000","2009","318499"
"israel","2000","2009","7485600"
"italy","2000","2009","59095365"
"jamaica","2000","2009","2681386"
"jordan","2000","2009","5915000"
"japan","2000","2009","128047000"
"kazakhstan","2000","2009","16092701"
"kenya","2000","2009","39269988"
"kyrgyz republic","2000","2009","5383300"
"cambodia","2000","2009","14144337"
"kiribati","2000","2009","100566"
"st. kitts and nevis","2000","2009","51717"
"korea, rep.","2000","2009","49182038"
"kosovo","2000","2009","1761474"
"kuwait","2000","2009","2881243"
"lao pdr","2000","2009","6153153"
"lebanon","2000","2009","4181742"
"liberia","2000","2009","3821498"
"libya","2000","2009","6208680"
"st. lucia","2000","2009","175196"
"liechtenstein","2000","2009","36004"
"sri lanka","2000","2009","20450000"
"lesotho","2000","2009","1990413"
"lithuania","2000","2009","3162916"
"luxembourg","2000","2009","497783"
"latvia","2000","2009","2141669"
"macao sar, china","2000","2009","521405"
"st. martin (french part)","2000","2009","29820"
"morocco","2000","2009","31714958"
"monaco","2000","2009","36351"
"moldova","2000","2009","3565604"
"madagascar","2000","2009","20495706"
"maldives","2000","2009","326713"
"mexico","2000","2009","116815612"
"marshall islands","2000","2009","52321"
"macedonia, fyr","2000","2009","2058920"
"mali","2000","2009","14694565"
"malta","2000","2009","412477"
"myanmar","2000","2009","51369725"
"montenegro","2000","2009","618294"
"mongolia","2000","2009","2669572"
"northern mariana islands","2000","2009","55276"
"mozambique","2000","2009","23647815"
"mauritania","2000","2009","3501927"
"mauritius","2000","2009","1247429"
"malawi","2000","2009","14329056"
"malaysia","2000","2009","27661017"
"namibia","2000","2009","2152357"
"new caledonia","2000","2009","246245"
"niger","2000","2009","15672194"
"nigeria","2000","2009","155207145"
"nicaragua","2000","2009","5666595"
"netherlands","2000","2009","16530388"
"norway","2000","2009","4828726"
"nepal","2000","2009","26592666"
"new zealand","2000","2009","4302600"
"oman","2000","2009","2762073"
"pakistan","2000","2009","166520983"
"panama","2000","2009","3559401"
"peru","2000","2009","29001563"
"philippines","2000","2009","91641881"
"palau","2000","2009","20344"
"papua new guinea","2000","2009","6693799"
"poland","2000","2009","38151603"
"puerto rico","2000","2009","3740410"
"korea, dem. rep.","2000","2009","24371806"
"portugal","2000","2009","10568247"
"paraguay","2000","2009","6127847"
"french polynesia","2000","2009","265412"
"qatar","2000","2009","1591151"
"romania","2000","2009","20367487"
"russian federation","2000","2009","142785342"
"rwanda","2000","2009","10024594"
"saudi arabia","2000","2009","27409491"
"sudan","2000","2009","35297298"
"senegal","2000","2009","12581624"
"singapore","2000","2009","4987600"
"solomon islands","2000","2009","514767"
"sierra leone","2000","2009","5647194"
"el salvador","2000","2009","6021368"
"san marino","2000","2009","30431"
"somalia","2000","2009","9356827"
"serbia","2000","2009","7320807"
"south sudan","2000","2009","9623176"
"sao tome and principe","2000","2009","167196"
"suriname","2000","2009","512522"
"slovak republic","2000","2009","5386406"
"slovenia","2000","2009","2039669"
"sweden","2000","2009","9298515"
"swaziland","2000","2009","1173529"
"sint maarten (dutch part)","2000","2009","39133"
"seychelles","2000","2009","87298"
"syrian arab republic","2000","2009","20566871"
"turks and caicos islands","2000","2009","30247"
"chad","2000","2009","11510535"
"togo","2000","2009","6219761"
"thailand","2000","2009","66548197"
"tajikistan","2000","2009","7414960"
"turkmenistan","2000","2009","4978960"
"timor-leste","2000","2009","1048367"
"tonga","2000","2009","103416"
"trinidad and tobago","2000","2009","1321624"
"tunisia","2000","2009","10439600"
"turkey","2000","2009","71261307"
"tuvalu","2000","2009","9808"
"taiwan, china","2000","2009",NA
"tanzania","2000","2009","44222113"
"uganda","2000","2009","32067125"
"ukraine","2000","2009","46053300"
"uruguay","2000","2009","3362761"
"united states","2000","2009","306771529"
"uzbekistan","2000","2009","27767400"
"st. vincent and the grenadines","2000","2009","109255"
"venezuela, rb","2000","2009","28558607"
"virgin islands (u.s.)","2000","2009","106707"
"vietnam","2000","2009","86025000"
"vanuatu","2000","2009","230782"
"west bank and gaza","2000","2009","3702218"
"samoa","2000","2009","184700"
"yemen, rep.","2000","2009","22954226"
"south africa","2000","2009","50055701"
"congo, dem. rep.","2000","2009","63845097"
"zambia","2000","2009","13507849"
"zimbabwe","2000","2009","13720997"
"aruba","2000","2008","101342"
"andorra","2000","2008","85616"
"afghanistan","2000","2008","26528741"
"angola","2000","2008","19842251"
"albania","2000","2008","2947314"
"united arab emirates","2000","2008","6900142"
"argentina","2000","2008","40381860"
"armenia","2000","2008","2975029"
"american samoa","2000","2008","57031"
"antigua and barbuda","2000","2008","85350"
"australia","2000","2008","21249200"
"austria","2000","2008","8321496"
"azerbaijan","2000","2008","8763400"
"burundi","2000","2008","8821795"
"belgium","2000","2008","10709973"
"benin","2000","2008","8973525"
"burkina faso","2000","2008","14709011"
"bangladesh","2000","2008","148252473"
"bulgaria","2000","2008","7492561"
"bahrain","2000","2008","1115777"
"bahamas, the","2000","2008","348587"
"bosnia and herzegovina","2000","2008","3839749"
"belarus","2000","2008","9528000"
"belize","2000","2008","306165"
"bermuda","2000","2008","65273"
"bolivia","2000","2008","9599916"
"brazil","2000","2008","194769696"
"barbados","2000","2008","277315"
"brunei darussalam","2000","2008","380786"
"bhutan","2000","2008","694990"
"botswana","2000","2008","1967866"
"central african republic","2000","2008","4280405"
"canada","2000","2008","33245773"
"switzerland","2000","2008","7647675"
"channel islands","2000","2008","157587"
"chile","2000","2008","16645940"
"china","2000","2008","1324655000"
"cote d'ivoire","2000","2008","19261647"
"cameroon","2000","2008","19570418"
"congo, rep.","2000","2008","3832771"
"colombia","2000","2008","44901660"
"comoros","2000","2008","665414"
"cabo verde","2000","2008","483824"
"costa rica","2000","2008","4429506"
"cuba","2000","2008","11290239"
"curacao","2000","2008","145880"
"cayman islands","2000","2008","52925"
"cyprus","2000","2008","1077010"
"czech republic","2000","2008","10384603"
"germany","2000","2008","82110097"
"djibouti","2000","2008","809639"
"dominica","2000","2008","70881"
"denmark","2000","2008","5493621"
"dominican republic","2000","2008","9636491"
"algeria","2000","2008","34811059"
"ecuador","2000","2008","14447600"
"egypt, arab rep.","2000","2008","78976122"
"eritrea","2000","2008","4500638"
"spain","2000","2008","45954106"
"estonia","2000","2008","1337090"
"ethiopia","2000","2008","83079608"
"finland","2000","2008","5313399"
"fiji","2000","2008","843206"
"france","2000","2008","64374990"
"faeroe islands","2000","2008","48629"
"micronesia, fed. sts.","2000","2008","104472"
"gabon","2000","2008","1473741"
"united kingdom","2000","2008","61806995"
"georgia","2000","2008","4383800"
"ghana","2000","2008","23115919"
"guinea","2000","2008","10427356"
"gambia, the","2000","2008","1586749"
"guinea-bissau","2000","2008","1561293"
"equatorial guinea","2000","2008","686223"
"greece","2000","2008","11186439"
"grenada","2000","2008","103934"
"greenland","2000","2008","56328"
"guatemala","2000","2008","14106687"
"guam","2000","2008","158310"
"guyana","2000","2008","748096"
"hong kong sar, china","2000","2008","6957800"
"honduras","2000","2008","7259470"
"croatia","2000","2008","4434508"
"haiti","2000","2008","9705130"
"hungary","2000","2008","10038188"
"indonesia","2000","2008","235360765"
"isle of man","2000","2008","82737"
"india","2000","2008","1197070109"
"ireland","2000","2008","4489544"
"iran, islamic rep.","2000","2008","72530693"
"iraq","2000","2008","29163327"
"iceland","2000","2008","317414"
"israel","2000","2008","7308800"
"italy","2000","2008","58826731"
"jamaica","2000","2008","2671934"
"jordan","2000","2008","5786000"
"japan","2000","2008","128063000"
"kazakhstan","2000","2008","15674000"
"kenya","2000","2008","38244442"
"kyrgyz republic","2000","2008","5318700"
"cambodia","2000","2008","13933660"
"kiribati","2000","2008","98437"
"st. kitts and nevis","2000","2008","51093"
"korea, rep.","2000","2008","48948698"
"kosovo","2000","2008","1747383"
"kuwait","2000","2008","2705290"
"lao pdr","2000","2008","6045439"
"lebanon","2000","2008","4109389"
"liberia","2000","2008","3672782"
"libya","2000","2008","6123022"
"st. lucia","2000","2008","172729"
"liechtenstein","2000","2008","35721"
"sri lanka","2000","2008","20246000"
"lesotho","2000","2008","1972194"
"lithuania","2000","2008","3198231"
"luxembourg","2000","2008","488650"
"latvia","2000","2008","2177322"
"macao sar, china","2000","2008","507274"
"st. martin (french part)","2000","2008","29376"
"morocco","2000","2008","31350544"
"monaco","2000","2008","35731"
"moldova","2000","2008","3570108"
"madagascar","2000","2008","19926798"
"maldives","2000","2008","321026"
"mexico","2000","2008","114972821"
"marshall islands","2000","2008","52221"
"macedonia, fyr","2000","2008","2055266"
"mali","2000","2008","14223403"
"malta","2000","2008","409379"
"myanmar","2000","2008","51030006"
"montenegro","2000","2008","616969"
"mongolia","2000","2008","2629666"
"northern mariana islands","2000","2008","57343"
"mozambique","2000","2008","22994867"
"mauritania","2000","2008","3414552"
"mauritius","2000","2008","1244121"
"malawi","2000","2008","13904671"
"malaysia","2000","2008","27197419"
"namibia","2000","2008","2115703"
"new caledonia","2000","2008","242546"
"niger","2000","2008","15085130"
"nigeria","2000","2008","151115683"
"nicaragua","2000","2008","5594524"
"netherlands","2000","2008","16445593"
"norway","2000","2008","4768212"
"nepal","2000","2008","26325183"
"new zealand","2000","2008","4259800"
"oman","2000","2008","2652281"
"pakistan","2000","2008","163096985"
"panama","2000","2008","3498679"
"peru","2000","2008","28642048"
"philippines","2000","2008","90297115"
"palau","2000","2008","20227"
"papua new guinea","2000","2008","6540267"
"poland","2000","2008","38125759"
"puerto rico","2000","2008","3760866"
"korea, dem. rep.","2000","2008","24243829"
"portugal","2000","2008","10558177"
"paraguay","2000","2008","6047131"
"french polynesia","2000","2008","262877"
"qatar","2000","2008","1388962"
"romania","2000","2008","20537875"
"russian federation","2000","2008","142742350"
"rwanda","2000","2008","9750314"
"saudi arabia","2000","2008","26742842"
"sudan","2000","2008","34470138"
"senegal","2000","2008","12229703"
"singapore","2000","2008","4839400"
"solomon islands","2000","2008","503410"
"sierra leone","2000","2008","5521838"
"el salvador","2000","2008","6004199"
"san marino","2000","2008","30160"
"somalia","2000","2008","9132589"
"serbia","2000","2008","7350222"
"south sudan","2000","2008","9208598"
"sao tome and principe","2000","2008","163595"
"suriname","2000","2008","506657"
"slovak republic","2000","2008","5379233"
"slovenia","2000","2008","2021316"
"sweden","2000","2008","9219637"
"swaziland","2000","2008","1153750"
"sint maarten (dutch part)","2000","2008","40458"
"seychelles","2000","2008","86956"
"syrian arab republic","2000","2008","20097057"
"turks and caicos islands","2000","2008","29481"
"chad","2000","2008","11139740"
"togo","2000","2008","6052937"
"thailand","2000","2008","66453255"
"tajikistan","2000","2008","7254072"
"turkmenistan","2000","2008","4917541"
"timor-leste","2000","2008","1030630"
"tonga","2000","2008","102816"
"trinidad and tobago","2000","2008","1315372"
"tunisia","2000","2008","10328900"
"turkey","2000","2008","70344357"
"tuvalu","2000","2008","9788"
"taiwan, china","2000","2008",NA
"tanzania","2000","2008","42844744"
"uganda","2000","2008","31014427"
"ukraine","2000","2008","46258200"
"uruguay","2000","2008","3350832"
"united states","2000","2008","304093966"
"uzbekistan","2000","2008","27302800"
"st. vincent and the grenadines","2000","2008","109165"
"venezuela, rb","2000","2008","28116716"
"virgin islands (u.s.)","2000","2008","107091"
"vietnam","2000","2008","85118700"
"vanuatu","2000","2008","225335"
"west bank and gaza","2000","2008","3596688"
"samoa","2000","2008","183440"
"yemen, rep.","2000","2008","22322699"
"south africa","2000","2008","49344228"
"congo, dem. rep.","2000","2008","61809278"
"zambia","2000","2008","13114579"
"zimbabwe","2000","2008","13495462"
"aruba","2000","2007","101218"
"andorra","2000","2007","84878"
"afghanistan","2000","2007","25877544"
"angola","2000","2007","19183907"
"albania","2000","2007","2970017"
"united arab emirates","2000","2007","6010100"
"argentina","2000","2007","39969903"
"armenia","2000","2007","2988117"
"american samoa","2000","2007","57904"
"antigua and barbuda","2000","2007","84397"
"australia","2000","2007","20827600"
"austria","2000","2007","8295487"
"azerbaijan","2000","2007","8581300"
"burundi","2000","2007","8514578"
"belgium","2000","2007","10625700"
"benin","2000","2007","8707637"
"burkina faso","2000","2007","14264002"
"bangladesh","2000","2007","146592687"
"bulgaria","2000","2007","7545338"
"bahrain","2000","2007","1026568"
"bahamas, the","2000","2007","342259"
"bosnia and herzegovina","2000","2007","3840418"
"belarus","2000","2007","9560000"
"belize","2000","2007","298403"
"bermuda","2000","2007","64888"
"bolivia","2000","2007","9441482"
"brazil","2000","2007","192784521"
"barbados","2000","2007","276154"
"brunei darussalam","2000","2007","374459"
"bhutan","2000","2007","681471"
"botswana","2000","2007","1930431"
"central african republic","2000","2007","4202104"
"canada","2000","2007","32887928"
"switzerland","2000","2007","7551117"
"channel islands","2000","2007","156516"
"chile","2000","2007","16462701"
"china","2000","2007","1317885000"
"cote d'ivoire","2000","2007","18862172"
"cameroon","2000","2007","19078100"
"congo, rep.","2000","2007","3715665"
"colombia","2000","2007","44374647"
"comoros","2000","2007","649404"
"cabo verde","2000","2007","481278"
"costa rica","2000","2007","4369465"
"cuba","2000","2007","11284043"
"curacao","2000","2007","144056"
"cayman islands","2000","2007","51480"
"cyprus","2000","2007","1063040"
"czech republic","2000","2007","10298828"
"germany","2000","2007","82266372"
"djibouti","2000","2007","799309"
"dominica","2000","2007","70795"
"denmark","2000","2007","5461438"
"dominican republic","2000","2007","9504336"
"algeria","2000","2007","34261971"
"ecuador","2000","2007","14205479"
"egypt, arab rep.","2000","2007","77605327"
"eritrea","2000","2007","4406299"
"spain","2000","2007","45226803"
"estonia","2000","2007","1340680"
"ethiopia","2000","2007","80891968"
"finland","2000","2007","5288720"
"fiji","2000","2007","834729"
"france","2000","2007","64016229"
"faeroe islands","2000","2007","48599"
"micronesia, fed. sts.","2000","2007","105080"
"gabon","2000","2007","1440902"
"united kingdom","2000","2007","61322463"
"georgia","2000","2007","4388400"
"ghana","2000","2007","22528041"
"guinea","2000","2007","10152521"
"gambia, the","2000","2007","1536424"
"guinea-bissau","2000","2007","1527342"
"equatorial guinea","2000","2007","665798"
"greece","2000","2007","11163002"
"grenada","2000","2007","103587"
"greenland","2000","2007","56555"
"guatemala","2000","2007","13797629"
"guam","2000","2007","158332"
"guyana","2000","2007","745638"
"hong kong sar, china","2000","2007","6916300"
"honduras","2000","2007","7133737"
"croatia","2000","2007","4436000"
"haiti","2000","2007","9556958"
"hungary","2000","2007","10055780"
"indonesia","2000","2007","232296830"
"isle of man","2000","2007","81914"
"india","2000","2007","1179685631"
"ireland","2000","2007","4398942"
"iran, islamic rep.","2000","2007","71720859"
"iraq","2000","2007","28423538"
"iceland","2000","2007","311566"
"israel","2000","2007","7180100"
"italy","2000","2007","58438310"
"jamaica","2000","2007","2662481"
"jordan","2000","2007","5661000"
"japan","2000","2007","128001000"
"kazakhstan","2000","2007","15484192"
"kenya","2000","2007","37250540"
"kyrgyz republic","2000","2007","5268400"
"cambodia","2000","2007","13728700"
"kiribati","2000","2007","96310"
"st. kitts and nevis","2000","2007","50465"
"korea, rep.","2000","2007","48597652"
"kosovo","2000","2007","1733404"
"kuwait","2000","2007","2538591"
"lao pdr","2000","2007","5939634"
"lebanon","2000","2007","4085426"
"liberia","2000","2007","3522337"
"libya","2000","2007","6017794"
"st. lucia","2000","2007","170146"
"liechtenstein","2000","2007","35431"
"sri lanka","2000","2007","20039000"
"lesotho","2000","2007","1955656"
"lithuania","2000","2007","3231294"
"luxembourg","2000","2007","479993"
"latvia","2000","2007","2200325"
"macao sar, china","2000","2007","493022"
"st. martin (french part)","2000","2007","28905"
"morocco","2000","2007","31011322"
"monaco","2000","2007","35046"
"moldova","2000","2007","3576910"
"madagascar","2000","2007","19371031"
"maldives","2000","2007","315515"
"mexico","2000","2007","113139374"
"marshall islands","2000","2007","52136"
"macedonia, fyr","2000","2007","2051427"
"mali","2000","2007","13759226"
"malta","2000","2007","406724"
"myanmar","2000","2007","50698814"
"montenegro","2000","2007","615875"
"mongolia","2000","2007","2592776"
"northern mariana islands","2000","2007","59791"
"mozambique","2000","2007","22359637"
"mauritania","2000","2007","3328285"
"mauritius","2000","2007","1239630"
"malawi","2000","2007","13498377"
"malaysia","2000","2007","26730607"
"namibia","2000","2007","2083174"
"new caledonia","2000","2007","238902"
"niger","2000","2007","14527631"
"nigeria","2000","2007","147152502"
"nicaragua","2000","2007","5522119"
"netherlands","2000","2007","16381696"
"norway","2000","2007","4709153"
"nepal","2000","2007","26063619"
"new zealand","2000","2007","4223800"
"oman","2000","2007","2593750"
"pakistan","2000","2007","159767672"
"panama","2000","2007","3438398"
"peru","2000","2007","28292768"
"philippines","2000","2007","88965508"
"palau","2000","2007","20118"
"papua new guinea","2000","2007","6387470"
"poland","2000","2007","38120560"
"puerto rico","2000","2007","3782995"
"korea, dem. rep.","2000","2007","24111945"
"portugal","2000","2007","10542964"
"paraguay","2000","2007","5966160"
"french polynesia","2000","2007","260361"
"qatar","2000","2007","1178955"
"romania","2000","2007","20882982"
"russian federation","2000","2007","142805088"
"rwanda","2000","2007","9481083"
"saudi arabia","2000","2007","26083522"
"sudan","2000","2007","33637960"
"senegal","2000","2007","11897230"
"singapore","2000","2007","4588600"
"solomon islands","2000","2007","492075"
"sierra leone","2000","2007","5391108"
"el salvador","2000","2007","5986414"
"san marino","2000","2007","29874"
"somalia","2000","2007","8909015"
"serbia","2000","2007","7381579"
"south sudan","2000","2007","8815495"
"sao tome and principe","2000","2007","160064"
"suriname","2000","2007","500953"
"slovak republic","2000","2007","5374622"
"slovenia","2000","2007","2018122"
"sweden","2000","2007","9148092"
"swaziland","2000","2007","1134853"
"sint maarten (dutch part)","2000","2007","39462"
"seychelles","2000","2007","85033"
"syrian arab republic","2000","2007","19425597"
"turks and caicos islands","2000","2007","28638"
"chad","2000","2007","10779504"
"togo","2000","2007","5890414"
"thailand","2000","2007","66353572"
"tajikistan","2000","2007","7099021"
"turkmenistan","2000","2007","4858235"
"timor-leste","2000","2007","1013194"
"tonga","2000","2007","102169"
"trinidad and tobago","2000","2007","1309260"
"tunisia","2000","2007","10225100"
"turkey","2000","2007","69515492"
"tuvalu","2000","2007","9764"
"taiwan, china","2000","2007",NA
"tanzania","2000","2007","41522004"
"uganda","2000","2007","29991958"
"ukraine","2000","2007","46509350"
"uruguay","2000","2007","3339750"
"united states","2000","2007","301231207"
"uzbekistan","2000","2007","26868000"
"st. vincent and the grenadines","2000","2007","109049"
"venezuela, rb","2000","2007","27670659"
"virgin islands (u.s.)","2000","2007","107423"
"vietnam","2000","2007","84218500"
"vanuatu","2000","2007","219956"
"west bank and gaza","2000","2007","3494496"
"samoa","2000","2007","182238"
"yemen, rep.","2000","2007","21701105"
"south africa","2000","2007","48656506"
"congo, dem. rep.","2000","2007","59834875"
"zambia","2000","2007","12738676"
"zimbabwe","2000","2007","13297798"
"aruba","2000","2006","100830"
"andorra","2000","2006","83373"
"afghanistan","2000","2006","25183615"
"angola","2000","2006","18541467"
"albania","2000","2006","2992547"
"united arab emirates","2000","2006","5171255"
"argentina","2000","2006","39558750"
"armenia","2000","2006","3002161"
"american samoa","2000","2006","58648"
"antigua and barbuda","2000","2006","83467"
"australia","2000","2006","20697900"
"austria","2000","2006","8268641"
"azerbaijan","2000","2006","8484550"
"burundi","2000","2006","8218070"
"belgium","2000","2006","10547958"
"benin","2000","2006","8443717"
"burkina faso","2000","2006","13834195"
"bangladesh","2000","2006","144839238"
"bulgaria","2000","2006","7699020"
"bahrain","2000","2006","940808"
"bahamas, the","2000","2006","335801"
"bosnia and herzegovina","2000","2006","3838504"
"belarus","2000","2006","9604000"
"belize","2000","2006","290751"
"bermuda","2000","2006","64523"
"bolivia","2000","2006","9283345"
"brazil","2000","2006","190698241"
"barbados","2000","2006","275040"
"brunei darussalam","2000","2006","368150"
"bhutan","2000","2006","666920"
"botswana","2000","2006","1895671"
"central african republic","2000","2006","4127112"
"canada","2000","2006","32570505"
"switzerland","2000","2006","7483934"
"channel islands","2000","2006","155415"
"chile","2000","2006","16279728"
"china","2000","2006","1311020000"
"cote d'ivoire","2000","2006","18486392"
"cameroon","2000","2006","18597109"
"congo, rep.","2000","2006","3604595"
"colombia","2000","2006","43835744"
"comoros","2000","2006","633814"
"cabo verde","2000","2006","478265"
"costa rica","2000","2006","4308790"
"cuba","2000","2006","11275199"
"curacao","2000","2006","141239"
"cayman islands","2000","2006","50028"
"cyprus","2000","2006","1048293"
"czech republic","2000","2006","10238905"
"germany","2000","2006","82376451"
"djibouti","2000","2006","788941"
"dominica","2000","2006","70690"
"denmark","2000","2006","5437272"
"dominican republic","2000","2006","9371333"
"algeria","2000","2006","33749328"
"ecuador","2000","2006","13967490"
"egypt, arab rep.","2000","2006","76274285"
"eritrea","2000","2006","4304440"
"spain","2000","2006","44397319"
"estonia","2000","2006","1346810"
"ethiopia","2000","2006","78735675"
"finland","2000","2006","5266268"
"fiji","2000","2006","827390"
"france","2000","2006","63621376"
"faeroe islands","2000","2006","48505"
"micronesia, fed. sts.","2000","2006","105680"
"gabon","2000","2006","1408920"
"united kingdom","2000","2006","60846820"
"georgia","2000","2006","4398000"
"ghana","2000","2006","21951891"
"guinea","2000","2006","9898301"
"gambia, the","2000","2006","1487731"
"guinea-bissau","2000","2006","1494603"
"equatorial guinea","2000","2006","645718"
"greece","2000","2006","11127947"
"grenada","2000","2006","103259"
"greenland","2000","2006","56774"
"guatemala","2000","2006","13490041"
"guam","2000","2006","158429"
"guyana","2000","2006","743705"
"hong kong sar, china","2000","2006","6857100"
"honduras","2000","2006","7007029"
"croatia","2000","2006","4440000"
"haiti","2000","2006","9409479"
"hungary","2000","2006","10071370"
"indonesia","2000","2006","229263980"
"isle of man","2000","2006","81110"
"india","2000","2006","1162088305"
"ireland","2000","2006","4273591"
"iran, islamic rep.","2000","2006","70923164"
"iraq","2000","2006","27716983"
"iceland","2000","2006","303782"
"israel","2000","2006","7053700"
"italy","2000","2006","58143979"
"jamaica","2000","2006","2653042"
"jordan","2000","2006","5536000"
"japan","2000","2006","127854000"
"kazakhstan","2000","2006","15308084"
"kenya","2000","2006","36286015"
"kyrgyz republic","2000","2006","5218400"
"cambodia","2000","2006","13525360"
"kiribati","2000","2006","94257"
"st. kitts and nevis","2000","2006","49818"
"korea, rep.","2000","2006","48371946"
"kosovo","2000","2006","1719536"
"kuwait","2000","2006","2389498"
"lao pdr","2000","2006","5838837"
"lebanon","2000","2006","4057041"
"liberia","2000","2006","3384804"
"libya","2000","2006","5907149"
"st. lucia","2000","2006","167656"
"liechtenstein","2000","2006","35141"
"sri lanka","2000","2006","19858000"
"lesotho","2000","2006","1940345"
"lithuania","2000","2006","3269909"
"luxembourg","2000","2006","472637"
"latvia","2000","2006","2218357"
"macao sar, china","2000","2006","479728"
"st. martin (french part)","2000","2006","28414"
"morocco","2000","2006","30691434"
"monaco","2000","2006","34384"
"moldova","2000","2006","3585209"
"madagascar","2000","2006","18826129"
"maldives","2000","2006","310168"
"mexico","2000","2006","111382857"
"marshall islands","2000","2006","52080"
"macedonia, fyr","2000","2006","2047330"
"mali","2000","2006","13309942"
"malta","2000","2006","405308"
"myanmar","2000","2006","50355559"
"montenegro","2000","2006","615025"
"mongolia","2000","2006","2558484"
"northern mariana islands","2000","2006","62235"
"mozambique","2000","2006","21737860"
"mauritania","2000","2006","3241762"
"mauritius","2000","2006","1233996"
"malawi","2000","2006","13112383"
"malaysia","2000","2006","26263048"
"namibia","2000","2006","2053915"
"new caledonia","2000","2006","235314"
"niger","2000","2006","13995530"
"nigeria","2000","2006","143318011"
"nicaragua","2000","2006","5450217"
"netherlands","2000","2006","16346101"
"norway","2000","2006","4660677"
"nepal","2000","2006","25794344"
"new zealand","2000","2006","4184600"
"oman","2000","2006","2553376"
"pakistan","2000","2006","156524189"
"panama","2000","2006","3378600"
"peru","2000","2006","27949958"
"philippines","2000","2006","87592899"
"palau","2000","2006","20012"
"papua new guinea","2000","2006","6236158"
"poland","2000","2006","38141267"
"puerto rico","2000","2006","3805214"
"korea, dem. rep.","2000","2006","23969897"
"portugal","2000","2006","10522288"
"paraguay","2000","2006","5882797"
"french polynesia","2000","2006","257731"
"qatar","2000","2006","988448"
"romania","2000","2006","21193760"
"russian federation","2000","2006","143049528"
"rwanda","2000","2006","9231041"
"saudi arabia","2000","2006","25419994"
"sudan","2000","2006","32809056"
"senegal","2000","2006","11578430"
"singapore","2000","2006","4401400"
"solomon islands","2000","2006","480716"
"sierra leone","2000","2006","5243214"
"el salvador","2000","2006","5967556"
"san marino","2000","2006","29568"
"somalia","2000","2006","8686939"
"serbia","2000","2006","7411569"
"south sudan","2000","2006","8445659"
"sao tome and principe","2000","2006","156584"
"suriname","2000","2006","495953"
"slovak republic","2000","2006","5373054"
"slovenia","2000","2006","2006868"
"sweden","2000","2006","9080505"
"swaziland","2000","2006","1118204"
"sint maarten (dutch part)","2000","2006","38270"
"seychelles","2000","2006","84600"
"syrian arab republic","2000","2006","18728200"
"turks and caicos islands","2000","2006","27642"
"chad","2000","2006","10423616"
"togo","2000","2006","5732175"
"thailand","2000","2006","66174486"
"tajikistan","2000","2006","6949566"
"turkmenistan","2000","2006","4801594"
"timor-leste","2000","2006","996052"
"tonga","2000","2006","101507"
"trinidad and tobago","2000","2006","1303141"
"tunisia","2000","2006","10127900"
"turkey","2000","2006","68704721"
"tuvalu","2000","2006","9732"
"taiwan, china","2000","2006",NA
"tanzania","2000","2006","40260847"
"uganda","2000","2006","29000925"
"ukraine","2000","2006","46787750"
"uruguay","2000","2006","3331041"
"united states","2000","2006","298379912"
"uzbekistan","2000","2006","26488250"
"st. vincent and the grenadines","2000","2006","108908"
"venezuela, rb","2000","2006","27221228"
"virgin islands (u.s.)","2000","2006","107700"
"vietnam","2000","2006","83311200"
"vanuatu","2000","2006","214635"
"west bank and gaza","2000","2006","3406334"
"samoa","2000","2006","181072"
"yemen, rep.","2000","2006","21093973"
"south africa","2000","2006","47991699"
"congo, dem. rep.","2000","2006","57926840"
"zambia","2000","2006","12381509"
"zimbabwe","2000","2006","13127942"
